img_name,x_min,y_min,x_max,y_max,label,prob,prediction,,,,
632,601.1,419.1,640.3,479.3,unknown,0.797,unknown,,,,
632,29.5,76,612.8,409.1,unknown,0.773,person,,,,
632,154,218.4,179.6,228.7,unknown,0.759,bird,,,,
632,634.2,293.7,640.5,417.2,unknown,0.758,person,,,,
632,505.4,295.1,514.5,306.3,unknown,0.758,person,,,,
632,260.4,236.4,376.6,289.9,unknown,0.75,unknown,,,,
632,6.5,291.5,165.5,335.7,unknown,0.75,unknown,,,,
632,118.7,217.8,139.1,233.3,unknown,0.748,cat,,,,
632,634.5,110.1,640.2,182.8,unknown,0.747,person,,,,
632,183,105,192.4,118.8,unknown,0.746,unknown,,,,
632,0.6,266.1,25,285.5,unknown,0.742,person,,,,
632,630.3,80,641,429.8,unknown,0.735,person,,,,
632,428.4,44.4,461.2,79,unknown,0.734,person,,,,
632,239.7,269.4,259.3,303.3,unknown,0.729,unknown,,,,
632,247,263,262.2,293.8,unknown,0.728,unknown,,,,
632,257.9,229.4,269.8,242.1,unknown,0.724,unknown,,,,
632,321.1,242.6,397.5,286.7,unknown,0.721,unknown,,,,
632,629,109.8,640.7,128.9,unknown,0.718,person,,,,
632,489.4,92,515.5,125.8,unknown,0.715,unknown,,,,
632,246.2,269.5,267,312,unknown,0.714,unknown,,,,
4134,237.5,44.3,582.7,422.8,person,0.786,person,,,,
4134,246.3,204.1,593.1,406,unknown,0.763,person,,,,
4134,60.5,45.4,298.2,423.9,unknown,0.762,person,,,,
4134,229,58.8,570.3,412.2,unknown,0.76,person,,,,
4134,45.7,42.2,284.5,423.9,person,0.745,person,,,,
4134,456.1,128.2,477.6,163.7,unknown,0.745,person,,,,
4134,470.8,113.6,521.4,176,unknown,0.744,person,,,,
4134,327.2,146.8,355.9,209.1,unknown,0.741,person,,,,
4134,189.1,123.4,224.9,257.5,unknown,0.73,person,,,,
4134,92.7,394.9,269.5,425,unknown,0.729,person,,,,
4134,323.4,137.9,419.3,202.8,unknown,0.725,person,,,,
4134,6.5,116.6,77.1,264.4,unknown,0.725,person,,,,
4134,605.6,271.6,637.7,414,unknown,0.724,person,,,,
4134,470.8,112,508.7,163.6,unknown,0.719,person,,,,
4134,237,131.1,271,205.3,unknown,0.719,person,,,,
4134,241.5,131.6,278.7,208.2,unknown,0.718,person,,,,
4134,348.3,140.3,375,189.2,unknown,0.716,person,,,,
4134,197.8,126.4,234.4,256.7,unknown,0.715,person,,,,
4134,577.4,110.5,638.5,263.2,unknown,0.709,person,,,,
4134,197.2,128.7,221.6,177.7,unknown,0.707,person,,,,
13201,93.9,93.7,325.1,505.3,person,0.785,person,,,,
13201,100.3,116.1,323.4,513.9,unknown,0.769,person,,,,
13201,408.2,585.2,430.1,640.6,unknown,0.768,person,,,,
13201,100.3,194.1,333.7,510.1,unknown,0.767,person,,,,
13201,100.1,100.8,320.9,449.9,unknown,0.764,person,,,,
13201,7.6,144,420.4,452.4,unknown,0.764,person,,,,
13201,82.4,319,109.6,343.7,unknown,0.757,unknown,,,,
13201,105.5,477.8,155.4,526,unknown,0.751,person,,,,
13201,253.4,266.2,290.9,339.6,unknown,0.75,unknown,,,,
13201,117,116.5,226.3,337.5,unknown,0.748,person,,,,
13201,111.4,440.8,169.2,511.9,unknown,0.747,person,,,,
13201,119.2,160.9,198.8,374,unknown,0.744,person,,,,
13201,253.9,264.2,286.6,335.2,unknown,0.742,unknown,,,,
13201,0.4,141.8,30.2,267.3,unknown,0.741,person,,,,
13201,93.2,117.9,298.6,518.2,unknown,0.741,person,,,,
13201,264,264.1,301.6,339.2,unknown,0.738,person,,,,
13201,2.1,301.2,24.5,347.4,unknown,0.735,unknown,,,,
13201,82.6,311.8,109.1,338,unknown,0.735,unknown,,,,
13201,108,439.6,158,503.6,unknown,0.733,person,,,,
13201,425.6,248.2,427.5,354,unknown,0.733,person,,,,
14439,599.4,355.7,637.1,402.8,unknown,0.789,unknown,,,,
14439,510.7,120.1,595.8,272.9,unknown,0.743,person,,,,
14439,56.9,21.4,70.5,33.4,unknown,0.738,person,,,,
14439,515.7,114.8,597.9,273,unknown,0.737,person,,,,
14439,98.3,50.3,112.8,77.9,unknown,0.726,person,,,,
14439,418.5,108.3,490,276.2,unknown,0.724,person,,,,
14439,421.1,73.6,508,276.8,unknown,0.719,person,,,,
14439,504.9,110.8,597.6,272,person,0.71,person,,,,
14439,28.4,119.8,57,152.8,unknown,0.708,person,,,,
14439,250.7,13.8,266.8,32.2,unknown,0.707,person,,,,
14439,416.7,87.7,509.1,286.9,person,0.7,person,,,,
14439,488.2,46.1,625,141.2,unknown,0.697,person,,,,
14439,624.8,23.2,641.4,55.1,unknown,0.694,person,,,,
14439,241.4,96.9,253.6,119.8,unknown,0.694,person,,,,
14439,578.6,9.3,605,37.5,unknown,0.681,unknown,,,,
14439,242.6,96,254.8,120.3,unknown,0.678,person,,,,
14439,105.3,46.2,127,92.9,unknown,0.677,person,,,,
14439,38.1,76.5,193.1,160,unknown,0.671,person,,,,
14439,256.9,103.6,276.1,156.6,unknown,0.664,person,,,,
14439,639.6,83.9,640.1,374.3,unknown,0.664,person,,,,
20107,127.1,176.1,329.1,494.5,unknown,0.751,car,,,,
20107,37.6,240.8,78.8,291.3,unknown,0.742,unknown,,,,
20107,0.2,0.5,16.7,125.1,unknown,0.738,person,,,,
20107,121.6,160.6,320.5,492.9,unknown,0.738,car,,,,
20107,1.4,5.4,333.4,498.7,unknown,0.736,bear,,,,
20107,118.2,63.3,328.6,492,unknown,0.735,person,,,,
20107,9,1.2,60.7,54.7,unknown,0.733,person,,,,
20107,1,120.2,2.5,316.8,unknown,0.721,unknown,,,,
20107,0.6,-0.2,19.5,31.6,unknown,0.719,person,,,,
20107,116.2,228,161.6,323.3,unknown,0.719,unknown,,,,
20107,292.6,0.6,333.7,10.4,unknown,0.709,person,,,,
20107,1,188.2,1.9,413.8,unknown,0.7,car,,,,
20107,314,436.1,334.4,503.8,unknown,0.692,person,,,,
20107,323,88.5,332.5,260,unknown,0.687,person,,,,
20107,328.2,148.3,333.2,260.1,unknown,0.68,person,,,,
20107,320.1,89.3,333.3,338.7,unknown,0.679,person,,,,
20107,323.1,272,333.5,497.2,unknown,0.678,person,,,,
20107,322.7,50.4,332.6,411.5,unknown,0.665,person,,,,
20107,326.2,210.9,333.1,502.5,unknown,0.66,person,,,,
20107,319.1,63.9,333.4,474.5,unknown,0.655,person,,,,
26204,606.9,366,642.7,423.3,unknown,0.784,unknown,,,,
26204,147.4,228.4,233.4,290.5,unknown,0.746,truck,,,,
26204,102.5,218.9,543.2,357.2,unknown,0.732,car,,,,
26204,328,240.3,540.8,307.3,unknown,0.718,car,,,,
26204,629.1,255.7,640.4,311.8,unknown,0.717,car,,,,
26204,169.1,221.8,559.8,299.3,unknown,0.715,bus,,,,
26204,522.8,257.9,586.4,301.7,unknown,0.709,car,,,,
26204,387.5,248.4,426.1,266.5,unknown,0.704,car,,,,
26204,371.5,256.8,511.4,332.6,car,0.695,car,,,,
26204,163.9,245.3,293.7,335.3,car,0.686,car,,,,
26204,430.5,246.8,457.1,258.7,unknown,0.684,car,,,,
26204,166.3,243.7,288.8,326,unknown,0.684,car,,,,
26204,142.7,218.3,207.7,303,unknown,0.682,truck,,,,
26204,133.9,194,213,270.3,unknown,0.68,truck,,,,
26204,17.8,227.5,31,250.8,unknown,0.68,person,,,,
26204,253,194.6,402.4,302.1,bus,0.678,bus,,,,
26204,308.1,241,320.9,253.7,unknown,0.678,bus,,,,
26204,147.2,202.7,214.4,258.3,unknown,0.677,truck,,,,
26204,352.5,232.5,373,251.6,unknown,0.674,person,,,,
26204,262.6,219,292.7,271.2,unknown,0.673,bus,,,,
42070,615.6,434.6,641.6,496.1,unknown,0.787,car,,,,
42070,28.6,77.9,613.7,440,unknown,0.764,bus,,,,
42070,254.3,227,283,264,unknown,0.752,person,,,,
42070,112.3,108.2,561.3,467.9,unknown,0.749,bus,,,,
42070,107.6,19.5,574.7,464.4,bus,0.744,bus,,,,
42070,109.4,55.8,555,466.9,unknown,0.74,bus,,,,
42070,409.8,210.3,482.8,259.3,unknown,0.74,person,,,,
42070,455.6,208.3,496.4,256.8,unknown,0.738,person,,,,
42070,260.8,249.8,315.2,277.2,unknown,0.725,person,,,,
42070,395.5,201.9,476.3,258.5,unknown,0.72,person,,,,
42070,462.8,162.5,496,236.9,unknown,0.715,person,,,,
42070,549,298.2,568.9,316,unknown,0.712,car,,,,
42070,114.1,29.4,571,468.1,unknown,0.712,bus,,,,
42070,397.3,154.4,494.7,248.8,unknown,0.708,person,,,,
42070,367.6,241.1,393.7,273.3,unknown,0.706,person,,,,
42070,0.2,338.8,29.7,389,unknown,0.706,car,,,,
42070,507.3,255.6,546.3,284.5,unknown,0.704,person,,,,
42070,0.4,298.7,29.6,386.7,unknown,0.703,car,,,,
42070,468.5,177.8,498.1,251.7,unknown,0.702,person,,,,
42070,558.9,305.6,579.3,317.1,unknown,0.693,car,,,,
55150,606.1,326.1,639.3,409.8,unknown,0.779,unknown,,,,
55150,464.4,63.2,499.9,115.2,unknown,0.74,person,,,,
55150,95.4,221.5,164.6,398.3,unknown,0.736,car,,,,
55150,449.3,7.6,634.8,181.4,unknown,0.73,truck,,,,
55150,192,137.4,219,192,unknown,0.727,car,,,,
55150,267,97.4,387.3,150,unknown,0.724,car,,,,
55150,-0.5,96.1,25.9,144.2,unknown,0.722,car,,,,
55150,351.7,96.3,390.3,114.3,unknown,0.718,car,,,,
55150,84,111.5,357.1,212.2,unknown,0.708,car,,,,
55150,409.6,139.1,434.1,161.8,unknown,0.704,car,,,,
55150,62.8,117.9,77.4,125.6,unknown,0.703,unknown,,,,
55150,606.3,123.9,639.1,172.6,unknown,0.698,unknown,,,,
55150,5.6,328.7,79.2,419.6,unknown,0.697,unknown,,,,
55150,315,131.9,447.7,256.6,unknown,0.696,person,,,,
55150,426.7,178,463,223.7,unknown,0.691,unknown,,,,
55150,1.4,204.8,60.5,328.7,unknown,0.69,unknown,,,,
55150,80.5,104.6,129.2,154.2,unknown,0.689,unknown,,,,
55150,426.2,55.2,594.2,423.5,unknown,0.688,car,,,,
55150,2.7,75.2,74.9,215.2,unknown,0.677,unknown,,,,
55150,151.9,76.8,574.2,245.5,unknown,0.676,car,,,,
78404,473.3,302.7,499.2,347.6,unknown,0.79,unknown,,,,
78404,24.6,3.4,299.1,304.5,unknown,0.77,person,,,,
78404,13.8,13.2,488.2,317.3,unknown,0.762,person,,,,
78404,211.8,14.5,344.7,255.2,unknown,0.757,person,,,,
78404,217.6,14.5,420.4,322.3,unknown,0.757,person,,,,
78404,37.8,-3.9,390.7,313.6,unknown,0.756,person,,,,
78404,141,9.8,328.5,137.7,unknown,0.754,person,,,,
78404,127,38.8,450.8,317.6,unknown,0.753,person,,,,
78404,262.3,18.5,273.4,37.1,unknown,0.752,person,,,,
78404,111.1,14.4,396.9,279.1,unknown,0.75,person,,,,
78404,21.7,21,235.7,152.1,unknown,0.746,person,,,,
78404,169.1,5.2,264.5,197.3,unknown,0.746,person,,,,
78404,123.8,28.7,203.1,190.4,unknown,0.743,person,,,,
78404,225.7,12.1,393.2,188,unknown,0.742,person,,,,
78404,21.3,21.6,64.3,78.7,unknown,0.741,unknown,,,,
78404,346.9,275.6,442.1,322.1,unknown,0.741,unknown,,,,
78404,487.9,0.3,499.4,45.5,unknown,0.74,unknown,,,,
78404,254.9,231.9,444.9,319,unknown,0.738,unknown,,,,
78404,24.4,35.1,37.3,57.7,unknown,0.737,unknown,,,,
78404,10.9,96.9,460.7,326.8,unknown,0.736,person,,,,
78565,599,447.5,637.7,493.5,unknown,0.785,unknown,,,,
78565,404.2,263.9,437.9,347.1,person,0.742,person,,,,
78565,1.3,76.5,38.2,115.2,unknown,0.731,boat,,,,
78565,467.4,286.5,489.8,345.6,person,0.718,person,,,,
78565,207.9,271.9,254.2,293.2,unknown,0.717,unknown,,,,
78565,100.7,226,115.1,254,unknown,0.713,boat,,,,
78565,45.7,238,50.8,244.7,unknown,0.706,boat,,,,
78565,92.6,240.9,114,256.7,unknown,0.705,boat,,,,
78565,253.7,343.9,280.5,354.7,unknown,0.701,unknown,,,,
78565,72.7,205.2,113.2,260.1,unknown,0.699,boat,,,,
78565,51.5,249.8,60.4,256.3,unknown,0.695,boat,,,,
78565,635.6,315.4,640.3,329.6,unknown,0.689,car,,,,
78565,45.2,234.5,49.8,239.9,unknown,0.687,boat,,,,
78565,498.5,263.7,515.9,337.3,person,0.679,person,,,,
78565,577.5,240.9,589.4,253,unknown,0.676,person,,,,
78565,55.5,244.8,75.9,257.5,unknown,0.676,boat,,,,
78565,350.5,251,364.1,283.4,person,0.673,person,,,,
78565,34.7,217,252.9,261.9,unknown,0.668,boat,,,,
78565,64.9,208.9,364.8,265.2,unknown,0.665,boat,,,,
78565,601.4,309.7,607.6,324.1,unknown,0.66,person,,,,
79651,602.1,428.4,641.7,475.5,unknown,0.797,unknown,,,,
79651,57.2,93.3,585.1,398.3,unknown,0.77,unknown,,,,
79651,576.1,249.7,596.4,272.6,unknown,0.756,unknown,,,,
79651,461,187.4,492.4,215.3,unknown,0.749,unknown,,,,
79651,179.5,104.6,227,139.4,unknown,0.736,unknown,,,,
79651,639.1,139.7,640,234,unknown,0.736,car,,,,
79651,410.4,256.4,488.8,301,unknown,0.73,unknown,,,,
79651,639.3,256.5,640.1,452.6,unknown,0.723,person,,,,
79651,477.1,280.9,501.2,308.7,unknown,0.717,unknown,,,,
79651,164.6,255,247.6,319.3,unknown,0.711,unknown,,,,
79651,166.5,260.5,239.7,312.4,unknown,0.7,unknown,,,,
79651,471.2,193,495.2,216.4,unknown,0.691,unknown,,,,
79651,401.2,262.6,494.8,321.5,unknown,0.685,unknown,,,,
79651,429.5,174.3,456,209.6,unknown,0.678,unknown,,,,
79651,167.8,249.9,253.3,310.9,unknown,0.669,unknown,,,,
79651,186.4,252.4,237.3,279,unknown,0.668,unknown,,,,
79651,413.9,300.9,481.5,335,unknown,0.662,unknown,,,,
79651,198.5,252.4,244.1,286.3,unknown,0.659,unknown,,,,
79651,450.4,184.8,491.2,214.7,unknown,0.656,unknown,,,,
79651,441.5,259.8,498.2,308,unknown,0.646,unknown,,,,
81061,598.5,383.3,640.9,440,unknown,0.795,unknown,,,,
81061,5.5,8.2,637.9,420.2,unknown,0.773,person,,,,
81061,44.3,282,535.4,395.4,unknown,0.754,unknown,,,,
81061,362.4,232.8,539.5,320.2,unknown,0.75,unknown,,,,
81061,638.7,137.6,640,241.1,unknown,0.747,person,,,,
81061,638.1,241.6,639.9,330,unknown,0.747,car,,,,
81061,362.3,234.1,536.4,340.1,unknown,0.746,unknown,,,,
81061,362.9,235.8,505.7,318,unknown,0.721,unknown,,,,
81061,1,189.2,2.5,418,unknown,0.703,unknown,,,,
81061,366.8,233.4,540.3,338.1,unknown,0.66,unknown,,,,
81061,606.1,55.8,643,475.9,unknown,0.378,person,,,,
81061,221.1,279.5,398.7,363.8,unknown,0.121,unknown,,,,
81061,-29.5,419,50.9,443.1,unknown,0.115,unknown,,,,
81061,168.4,299,360.4,384.3,unknown,0.113,unknown,,,,
81061,231.6,184.8,372.5,284,unknown,0.111,unknown,,,,
81061,381.3,176.3,501.3,265.6,unknown,0.107,unknown,,,,
81061,338.6,250.1,439.6,314.9,unknown,0.107,unknown,,,,
81061,-47.6,431.8,217.3,443.1,unknown,0.106,unknown,,,,
81061,204.8,226.8,361.8,338.3,unknown,0.106,unknown,,,,
81061,116.5,429.6,418.6,444.2,unknown,0.104,unknown,,,,
88040,404.7,587.7,430.3,641.1,unknown,0.772,person,,,,
88040,1.2,17.3,427.2,599,unknown,0.765,person,,,,
88040,2.5,322.4,311.5,599.7,unknown,0.754,person,,,,
88040,-0.1,336.2,142.1,605.7,unknown,0.75,person,,,,
88040,32.1,64.6,61.2,94.3,unknown,0.747,unknown,,,,
88040,425.1,428.6,427.1,562.9,unknown,0.742,person,,,,
88040,-2.8,339.3,260.9,600.6,unknown,0.739,person,,,,
88040,2.8,68.1,41.8,114.3,unknown,0.739,unknown,,,,
88040,1.3,5.7,160,635.6,unknown,0.738,person,,,,
88040,359.7,197.2,390.6,230.7,unknown,0.737,person,,,,
88040,425.6,140.5,427.4,288.3,unknown,0.736,person,,,,
88040,424.2,109.6,427.3,531.1,unknown,0.736,person,,,,
88040,398,85.1,428.2,411.6,unknown,0.735,person,,,,
88040,-3,206.6,259.9,598.6,unknown,0.732,person,,,,
88040,185.8,61.8,225.3,109.9,unknown,0.731,person,,,,
88040,386.3,121,427,269.6,unknown,0.73,person,,,,
88040,391.7,91.8,427.9,311,unknown,0.725,person,,,,
88040,425.5,71.7,427,180.2,unknown,0.725,person,,,,
88040,-1.5,329,135.7,594.5,unknown,0.72,person,,,,
88040,-5.1,245.7,223.8,596.8,unknown,0.715,person,,,,
94852,610.2,451,640,508.8,unknown,0.782,unknown,,,,
94852,36.6,99.2,605.3,431.5,unknown,0.773,elephant,,,,
94852,189.1,184.8,276.5,331.2,unknown,0.768,elephant,,,,
94852,260.5,141.1,424.5,404.9,unknown,0.764,elephant,,,,
94852,131.3,119.3,436,423,elephant,0.763,elephant,,,,
94852,280.8,299.1,361.6,387.8,unknown,0.762,elephant,,,,
94852,564.2,95.9,569.6,100.8,unknown,0.759,unknown,,,,
94852,271.4,283.2,393.8,402.6,unknown,0.758,elephant,,,,
94852,133,129.5,424.5,413.7,unknown,0.755,elephant,,,,
94852,166.6,128.1,340.9,275.5,unknown,0.75,elephant,,,,
94852,637,322.4,640.3,434.5,unknown,0.741,person,,,,
94852,341,266.1,420.2,415.2,unknown,0.741,elephant,,,,
94852,636.3,231.4,640.2,292.1,unknown,0.734,person,,,,
94852,636,198.7,640.3,401.4,unknown,0.723,person,,,,
94852,184.3,246.7,390.2,416.9,unknown,0.709,elephant,,,,
94852,138.8,232.3,339,408.8,unknown,0.699,elephant,,,,
94852,137.7,215.1,341,410.3,unknown,0.681,elephant,,,,
94852,204.4,268.3,395.3,411.1,unknown,0.681,elephant,,,,
94852,228,265.5,324.3,404.6,unknown,0.637,elephant,,,,
94852,153.5,245.5,335.2,413.9,unknown,0.611,elephant,,,,
96825,605.6,446.5,639.5,499.5,unknown,0.796,unknown,,,,
96825,550.8,42.4,642.4,140.6,unknown,0.774,person,,,,
96825,112.7,305.2,141.2,329.7,unknown,0.773,unknown,,,,
96825,8.1,103.4,634,419.7,unknown,0.772,person,,,,
96825,157.7,277.9,179.7,297.9,unknown,0.77,car,,,,
96825,90.3,294.5,100.6,321.5,unknown,0.766,unknown,,,,
96825,286.2,249.5,380.7,403.9,unknown,0.761,person,,,,
96825,166.4,330.9,184.3,338.5,unknown,0.758,unknown,,,,
96825,280.5,262.2,330.1,398,unknown,0.756,person,,,,
96825,292.1,242.7,382,404.2,unknown,0.755,person,,,,
96825,100.7,310.8,127.6,328.3,unknown,0.753,unknown,,,,
96825,65.8,309.3,74.6,323.7,unknown,0.753,unknown,,,,
96825,172.1,333.9,213.7,343.4,unknown,0.753,unknown,,,,
96825,36.3,296.3,48.2,318.1,unknown,0.75,person,,,,
96825,356,253.5,378.7,297.5,unknown,0.749,person,,,,
96825,555.3,48.5,634.9,92.1,unknown,0.747,unknown,,,,
96825,630.1,30.4,639.8,102.7,unknown,0.747,person,,,,
96825,16.3,304.3,27.5,326.1,unknown,0.745,person,,,,
96825,277.1,260.7,322.6,316.3,unknown,0.744,person,,,,
96825,286.6,239.4,381.7,402.5,person,0.743,person,,,,
127517,594.7,408,640.3,472.6,unknown,0.795,unknown,,,,
127517,16.3,369.4,128.6,458.1,unknown,0.766,person,,,,
127517,6.2,9.3,268,458.7,unknown,0.764,boat,,,,
127517,4.8,11.8,139.8,434.8,unknown,0.761,unknown,,,,
127517,1.9,21.7,144.5,452.9,unknown,0.759,unknown,,,,
127517,10.9,15.7,166.8,462.7,unknown,0.759,unknown,,,,
127517,564.8,138.4,582.4,179.5,unknown,0.757,person,,,,
127517,12.6,10,234.1,419.9,unknown,0.756,boat,,,,
127517,0.2,14.2,138.8,456,unknown,0.75,unknown,,,,
127517,396.6,3.7,486,146.3,unknown,0.747,boat,,,,
127517,529.5,284.1,590.2,357.4,unknown,0.745,person,,,,
127517,393.2,7.8,637.4,88.4,unknown,0.744,boat,,,,
127517,527,281.3,553.9,337.5,unknown,0.744,person,,,,
127517,288.7,279.8,371.2,410.8,unknown,0.744,person,,,,
127517,452.8,7.7,631.8,75.7,unknown,0.742,boat,,,,
127517,45.6,62.9,94.9,110.3,unknown,0.742,unknown,,,,
127517,1.4,12.2,256.1,456.5,unknown,0.741,boat,,,,
127517,-1.1,318.5,28.4,426.1,unknown,0.741,person,,,,
127517,490.3,22.9,617,358.1,unknown,0.74,boat,,,,
127517,243.5,191.3,250.9,214.8,unknown,0.74,person,,,,
133343,9.2,11.5,254.5,455.9,unknown,0.777,person,,,,
133343,4.7,244.6,183.8,457.9,unknown,0.774,person,,,,
133343,13.9,13.4,224.8,316.3,unknown,0.772,person,,,,
133343,5.5,259.5,262.3,467.8,unknown,0.769,person,,,,
133343,7.6,142.5,165.7,471.5,unknown,0.769,person,,,,
133343,2.3,15.3,295.6,478.6,unknown,0.763,person,,,,
133343,8.1,191.6,213.1,469.1,unknown,0.759,person,,,,
133343,-2.7,20.2,291.3,309.8,unknown,0.759,person,,,,
133343,1.7,95.1,295.7,473.5,unknown,0.758,person,,,,
133343,5.1,37.5,298.1,484.8,unknown,0.756,person,,,,
133343,-1.2,9,291.9,433.9,unknown,0.754,person,,,,
133343,235.4,163.5,298.6,464.9,unknown,0.753,person,,,,
133343,62.3,190.7,292.8,463.2,unknown,0.75,person,,,,
133343,28.3,5.1,292.1,473.8,unknown,0.75,person,,,,
133343,1.4,266.2,110.4,465.8,unknown,0.749,person,,,,
133343,-0.3,234.9,293.7,474.2,unknown,0.747,person,,,,
133343,94.1,30.1,294.4,468.6,unknown,0.745,person,,,,
133343,23.2,14.2,302.8,254,unknown,0.744,person,,,,
133343,74.9,8.3,286.3,248.8,unknown,0.742,person,,,,
133343,-0.2,80,27.4,213.5,unknown,0.741,person,,,,
148957,601.8,417.9,639.5,474.4,unknown,0.791,person,,,,
148957,1.8,9,640.7,469.4,unknown,0.768,unknown,,,,
148957,471.7,109.9,525.8,173.9,unknown,0.767,unknown,,,,
148957,608.1,6.3,639.4,179.5,unknown,0.761,unknown,,,,
148957,1.6,461.5,54.7,481.2,unknown,0.752,unknown,,,,
148957,316.5,260.6,388.6,332.3,unknown,0.751,person,,,,
148957,618.1,7.4,640,269.5,unknown,0.748,unknown,,,,
148957,638.4,129.2,639.9,233.3,unknown,0.744,unknown,,,,
148957,637.8,222.6,640,451.6,unknown,0.74,car,,,,
148957,106.5,298.7,192.7,357.6,unknown,0.737,unknown,,,,
148957,633.3,14.6,640.9,457.3,unknown,0.723,unknown,,,,
148957,0.5,102.4,12.5,468.6,unknown,0.718,unknown,,,,
148957,603.5,0.3,638.4,24.4,unknown,0.713,unknown,,,,
148957,2.9,0.8,33,10.7,unknown,0.704,person,,,,
148957,-3.9,-12.4,109,465.9,unknown,0.701,person,,,,
148957,1.8,-13.3,32.2,465.2,unknown,0.697,person,,,,
148957,1.9,-7.5,33.5,407.7,unknown,0.693,person,,,,
148957,2,-6.2,36,294.3,unknown,0.674,person,,,,
148957,320.2,255.5,385.8,332.9,unknown,0.662,unknown,,,,
148957,2.6,-1.5,50.8,477.1,unknown,0.651,person,,,,
163117,352,454.6,379.3,496.1,unknown,0.771,person,,,,
163117,220.7,218.6,376.1,490.7,unknown,0.765,person,,,,
163117,224.9,373.3,377.3,491.9,unknown,0.762,person,,,,
163117,238.1,221.1,371.6,498,unknown,0.739,person,,,,
163117,147.1,243,231.5,495.8,unknown,0.738,person,,,,
163117,219.6,198.1,377.3,497.3,person,0.738,person,,,,
163117,145.7,230,238,499.7,person,0.735,person,,,,
163117,143.9,295.4,235.4,487.5,unknown,0.733,person,,,,
163117,163.8,93.6,176.7,110,unknown,0.717,unknown,,,,
163117,222.7,279.3,235.2,297.3,unknown,0.717,person,,,,
163117,152.5,167.7,160.9,178.6,unknown,0.711,person,,,,
163117,130,262.2,182.3,483.8,unknown,0.71,car,,,,
163117,87.2,277.1,130.8,438.4,unknown,0.702,car,,,,
163117,189,218.9,366.6,439.9,unknown,0.698,person,,,,
163117,167.4,272.4,183.3,298.5,unknown,0.698,person,,,,
163117,85.8,270.4,131.6,437.2,person,0.695,person,,,,
163117,163.5,271.9,306.3,307.9,unknown,0.693,person,,,,
163117,367.1,271.5,376.6,335.4,unknown,0.691,person,,,,
163117,78.3,220.1,365,415.3,unknown,0.69,person,,,,
163117,265.4,277.4,275.2,292.1,unknown,0.686,person,,,,
165257,600.2,311.8,640.5,355.5,unknown,0.791,unknown,,,,
165257,51,18.7,593.2,338.2,unknown,0.77,unknown,,,,
165257,127.6,74.2,358.9,139.7,unknown,0.766,unknown,,,,
165257,490.9,327.6,533.1,358.5,unknown,0.766,unknown,,,,
165257,139.7,99.8,166.3,113.5,unknown,0.765,unknown,,,,
165257,116.6,78,463.5,146.1,unknown,0.764,unknown,,,,
165257,140.3,71.7,332.7,130.6,unknown,0.764,unknown,,,,
165257,122,61.4,453.1,230.7,unknown,0.763,unknown,,,,
165257,131.2,71.8,435.3,137.2,unknown,0.761,unknown,,,,
165257,607.9,213.9,640.5,256.4,unknown,0.754,person,,,,
165257,639,74.3,640,160.1,unknown,0.736,person,,,,
165257,638.9,183.9,640,282.6,unknown,0.729,person,,,,
165257,138.1,95.4,163.8,109.4,unknown,0.727,unknown,,,,
165257,564,235.8,583.3,242.5,unknown,0.726,unknown,,,,
165257,133,53,443.4,137.1,unknown,0.698,unknown,,,,
165257,567,236.6,588.5,244.4,unknown,0.686,unknown,,,,
165257,130.1,71.7,328.4,136.2,unknown,0.638,unknown,,,,
165257,122.2,68.3,459.5,139.9,unknown,0.575,unknown,,,,
165257,60.9,129.5,239,201.9,unknown,0.28,unknown,,,,
165257,171.7,149.7,445.7,321.6,unknown,0.215,person,,,,
184791,604.1,450.3,643.1,498.6,unknown,0.802,unknown,,,,
184791,330,88,537.1,344.4,unknown,0.775,unknown,,,,
184791,335.1,114.6,526.1,359.9,unknown,0.773,unknown,,,,
184791,343.4,80.8,490.6,282.6,unknown,0.771,bird,,,,
184791,147.4,319.3,277.9,399.8,unknown,0.764,unknown,,,,
184791,29.7,68.8,610.9,322.6,unknown,0.757,unknown,,,,
184791,106.4,80.3,495.3,407.9,unknown,0.756,unknown,,,,
184791,343.6,81.9,550.5,275.5,unknown,0.754,bird,,,,
184791,316.3,84.5,423.1,259.9,unknown,0.754,bird,,,,
184791,441.1,254.4,515.1,310.9,unknown,0.75,unknown,,,,
184791,119.6,79.1,542.2,415.9,unknown,0.747,unknown,,,,
184791,439,314.7,528,389,unknown,0.746,unknown,,,,
184791,436.6,266.5,523.2,386,unknown,0.746,unknown,,,,
184791,86,194.9,213.6,388.6,unknown,0.739,unknown,,,,
184791,339.3,228.9,525.3,403.2,unknown,0.736,person,,,,
184791,118.3,83.7,432,297.9,unknown,0.732,unknown,,,,
184791,337.7,194.3,441.7,286.9,unknown,0.73,unknown,,,,
184791,97.4,95.5,296.8,316.4,unknown,0.726,unknown,,,,
184791,164.8,89.1,430.3,177.2,unknown,0.724,unknown,,,,
184791,9.4,90.6,220.5,283.3,unknown,0.724,unknown,,,,
193429,601.5,377.5,639.1,426.2,unknown,0.79,unknown,,,,
193429,45.4,63.1,597.1,330.9,unknown,0.776,person,,,,
193429,214.4,127.6,425.2,304.3,unknown,0.773,person,,,,
193429,571.1,155.2,589.3,173.6,unknown,0.765,bird,,,,
193429,208.8,102.9,420.9,305.1,person,0.765,person,,,,
193429,226.2,118.6,418.5,304.8,unknown,0.763,person,,,,
193429,239.3,185.1,320.6,295.7,unknown,0.752,person,,,,
193429,257.6,15,264.2,21,unknown,0.747,person,,,,
193429,628.8,68.4,640.7,87,unknown,0.744,unknown,,,,
193429,98.8,9.3,106.7,15.7,unknown,0.744,person,,,,
193429,639.2,83.6,640,169.3,unknown,0.73,person,,,,
193429,213.5,92.6,417.6,246.7,unknown,0.721,person,,,,
193429,0.6,0.5,6.1,19.6,unknown,0.71,person,,,,
193429,79.6,0.9,105.7,2.2,unknown,0.676,person,,,,
193429,335.2,249.2,428.8,292.4,unknown,0.238,person,,,,
193429,583.7,65.5,653.1,472.4,unknown,0.163,person,,,,
193429,202.3,188.4,310.4,256,unknown,0.156,person,,,,
193429,532.8,317,713.5,456.3,unknown,0.137,unknown,,,,
193429,386.1,45,501.8,75.9,unknown,0.126,unknown,,,,
193429,291.1,22.3,406.4,52.8,unknown,0.123,car,,,,
223747,461.2,321.1,501.6,368.4,unknown,0.789,person,,,,
223747,250.3,3.5,500.3,151.1,unknown,0.771,person,,,,
223747,9.9,2.3,208.8,285.2,unknown,0.768,person,,,,
223747,28.2,8.5,260.1,241.5,unknown,0.767,person,,,,
223747,410.7,100.1,501.4,363,unknown,0.766,person,,,,
223747,17.5,2.1,242.8,288.2,unknown,0.765,person,,,,
223747,392.8,95.1,500,364.7,unknown,0.763,person,,,,
223747,16.9,3.7,372.2,223.8,unknown,0.762,person,,,,
223747,13.4,175.1,212.1,367.9,unknown,0.762,cat,,,,
223747,416.3,103.3,498.6,264,unknown,0.762,person,,,,
223747,415.4,99.6,499.9,329.2,unknown,0.758,person,,,,
223747,13.5,2.1,325.4,271.7,unknown,0.756,person,,,,
223747,16,3.3,230.6,253.2,unknown,0.754,person,,,,
223747,0.6,9.7,42.4,300.8,unknown,0.749,person,,,,
223747,5.8,9.6,497.9,289.9,unknown,0.745,person,,,,
223747,247,72.5,459.1,291.6,unknown,0.743,person,,,,
223747,498.6,65.9,500,259.5,unknown,0.742,unknown,,,,
223747,16.6,4,444.8,317.5,unknown,0.742,person,,,,
223747,496.9,7.5,500,122,unknown,0.738,unknown,,,,
223747,-5,-1.7,493.2,239.4,unknown,0.737,person,,,,
234366,451.3,585.2,484,637.8,unknown,0.78,person,,,,
234366,13.1,50.6,478.5,566.8,unknown,0.766,boat,,,,
234366,403.5,505.8,426.4,535.3,unknown,0.763,person,,,,
234366,53.5,455.6,72.3,481.4,unknown,0.754,unknown,,,,
234366,306.9,331.3,317.5,352.2,unknown,0.753,person,,,,
234366,405.7,505.9,421,525.4,unknown,0.748,person,,,,
234366,393.4,351.6,402.6,358.2,unknown,0.744,person,,,,
234366,105.5,412.7,127.7,489.3,unknown,0.742,unknown,,,,
234366,349.2,353.1,364.5,359.9,unknown,0.742,unknown,,,,
234366,273.6,132,301,181.9,unknown,0.741,unknown,,,,
234366,318.9,469.1,426.7,544.8,unknown,0.74,person,,,,
234366,333,398.8,406.1,495.3,unknown,0.739,car,,,,
234366,477.5,430.4,480.1,508.8,unknown,0.737,person,,,,
234366,244,85,254.3,94.3,unknown,0.737,unknown,,,,
234366,330.1,466.4,385.5,516.3,unknown,0.736,person,,,,
234366,199,81.2,223.3,129.1,unknown,0.734,unknown,,,,
234366,191.4,74.7,282.6,142.8,unknown,0.734,unknown,,,,
234366,479,221.3,480.1,242.2,unknown,0.732,person,,,,
234366,125,472.9,166.9,500.5,unknown,0.73,person,,,,
234366,122.9,467.8,184.7,506.6,unknown,0.727,person,,,,
239857,480.3,298.3,497.8,324.9,unknown,0.781,unknown,,,,
239857,434.4,93,502.5,190.2,unknown,0.766,boat,,,,
239857,295.3,122.5,360,190.2,unknown,0.759,person,,,,
239857,295.2,132,330.5,187.1,unknown,0.759,person,,,,
239857,434.4,67.9,499.2,185.4,unknown,0.759,boat,,,,
239857,360.1,161.8,393.6,186.6,unknown,0.757,unknown,,,,
239857,289,158.3,308.4,189.8,unknown,0.755,person,,,,
239857,454.9,292.4,478.7,307.5,unknown,0.755,bird,,,,
239857,297.9,164.4,362.3,260.9,unknown,0.755,person,,,,
239857,395.8,149.6,425.9,185.8,unknown,0.755,person,,,,
239857,284.6,116.8,367.1,271.5,person,0.754,person,,,,
239857,5.7,70.9,494.7,225.9,unknown,0.753,person,,,,
239857,263.5,59,289.4,78.5,unknown,0.75,unknown,,,,
239857,378.1,149.1,416.4,180.9,unknown,0.75,person,,,,
239857,164,162.4,204.6,178.5,unknown,0.741,car,,,,
239857,274.5,139.2,344.3,265.9,unknown,0.739,person,,,,
239857,349.6,164.5,365.1,183.4,unknown,0.737,person,,,,
239857,264.9,59.7,281.1,69.7,unknown,0.737,unknown,,,,
239857,499.2,155,500,296.7,unknown,0.733,person,,,,
239857,31.3,128.5,53.4,172,unknown,0.729,person,,,,
241602,608.1,379.8,641.1,424.4,unknown,0.792,unknown,,,,
241602,108.7,61.6,536.2,333.1,unknown,0.773,person,,,,
241602,64.8,364.4,114.3,383.9,unknown,0.757,bird,,,,
241602,531.2,111.6,547,130.9,unknown,0.756,unknown,,,,
241602,284.6,83.7,431.5,153,unknown,0.75,bird,,,,
241602,188.3,105.7,356.1,171.8,unknown,0.746,bird,,,,
241602,215.2,128,260.3,173.8,unknown,0.737,unknown,,,,
241602,215.9,128.9,258.5,172.3,unknown,0.734,unknown,,,,
241602,89.7,234.6,101.2,255.4,unknown,0.729,unknown,,,,
241602,138.4,85.4,152.3,124,unknown,0.729,bird,,,,
241602,639.3,128.5,640,204.6,unknown,0.729,person,,,,
241602,386.2,78.8,432.2,123.7,unknown,0.728,unknown,,,,
241602,507.9,9.4,526.2,58.3,unknown,0.728,unknown,,,,
241602,484.9,95,498.6,146.3,unknown,0.724,bird,,,,
241602,300,109.3,346.9,155.7,unknown,0.723,unknown,,,,
241602,128.2,78.5,149.7,121.9,unknown,0.721,bird,,,,
241602,275.3,288.9,286,295.6,unknown,0.705,cat,,,,
241602,639.2,46.2,640,87.9,unknown,0.704,person,,,,
241602,302.2,288.9,330.3,300.4,unknown,0.684,cat,,,,
241602,515,15.1,531.7,72.3,unknown,0.677,bird,,,,
260925,597.1,420.5,639.8,480.3,unknown,0.789,unknown,,,,
260925,233.7,256.1,548.9,414.4,unknown,0.78,cat,,,,
260925,491.7,32.2,629.6,222.7,unknown,0.776,car,,,,
260925,102.7,45.6,635.5,333.1,unknown,0.775,car,,,,
260925,5.5,41.8,248.3,295.9,unknown,0.767,unknown,,,,
260925,108.7,36.7,619.7,243.4,unknown,0.767,car,,,,
260925,101.8,260.6,393.2,423,unknown,0.766,cat,,,,
260925,401,47.3,650.3,323.8,unknown,0.764,car,,,,
260925,391.9,52,617.1,241.4,unknown,0.764,person,,,,
260925,31.3,33.7,634.7,367.1,unknown,0.758,car,,,,
260925,119.5,250.3,570,430,unknown,0.757,cat,,,,
260925,471,73.7,541.1,141.4,unknown,0.755,person,,,,
260925,356.8,70.2,396.3,115.6,unknown,0.747,person,,,,
260925,637.5,169.4,640,397.1,unknown,0.747,car,,,,
260925,35.5,36.3,632.7,286,unknown,0.745,car,,,,
260925,-10.1,37.1,429.5,298.2,unknown,0.738,car,,,,
260925,637.1,80.9,640,243.2,unknown,0.737,car,,,,
260925,1,18.1,636.2,438.2,unknown,0.731,car,,,,
260925,364.6,65.2,563.5,242.1,unknown,0.731,person,,,,
260925,0.4,53.2,332.9,309.1,unknown,0.728,person,,,,
263969,598.9,591.6,644.3,609.6,unknown,0.784,person,,,,
263969,228.3,176.8,645.1,604.8,unknown,0.782,person,,,,
263969,330.9,59.1,610.1,504.3,unknown,0.778,person,,,,
263969,239.4,52.8,646.5,605.3,unknown,0.778,person,,,,
263969,306.5,84,642.4,601.1,unknown,0.775,person,,,,
263969,346.2,59.1,632,606.1,unknown,0.775,person,,,,
263969,386.5,145,507.1,370.8,unknown,0.775,person,,,,
263969,253.4,76.4,580.4,427.5,unknown,0.773,person,,,,
263969,231.7,153.7,484,612.2,unknown,0.773,person,,,,
263969,121.9,455.7,165,506.5,unknown,0.771,unknown,,,,
263969,381.6,59.2,634.5,607.2,unknown,0.771,person,,,,
263969,220.4,152.8,451.2,596.3,unknown,0.769,person,,,,
263969,548.4,181.4,624,375.1,unknown,0.769,person,,,,
263969,248.2,303.6,513.5,600.8,unknown,0.767,person,,,,
263969,280.7,166.1,423.7,433,unknown,0.767,person,,,,
263969,2.1,18.2,640.3,608.1,unknown,0.766,person,,,,
263969,221.7,175.7,464,601.3,unknown,0.766,person,,,,
263969,254.7,259.4,323.3,400.7,unknown,0.765,person,,,,
263969,252.6,90.9,508.3,456.8,unknown,0.763,person,,,,
263969,217.4,93,553,618.1,unknown,0.762,person,,,,
270677,182.8,86.6,451.7,636.2,person,0.794,person,,,,
270677,600.3,582.8,636.2,636,unknown,0.787,unknown,,,,
270677,180.3,87.7,426.1,442,unknown,0.77,person,,,,
270677,461.5,284.2,483.5,301.3,unknown,0.768,unknown,,,,
270677,4.7,84.8,632.2,619.3,unknown,0.768,person,,,,
270677,458.3,519.5,497.3,589.1,unknown,0.766,unknown,,,,
270677,179.9,133.1,446.6,630.9,unknown,0.763,person,,,,
270677,176.9,343.4,458.9,635.5,unknown,0.763,person,,,,
270677,178.3,327.7,188.5,354.8,unknown,0.761,unknown,,,,
270677,624.3,363.4,633.3,388.4,unknown,0.761,unknown,,,,
270677,612.8,378.8,628.7,388.6,unknown,0.759,unknown,,,,
270677,479.4,284.2,493.1,298.6,unknown,0.757,unknown,,,,
270677,461,281.8,473.7,299.5,unknown,0.753,unknown,,,,
270677,632,378.5,634.1,569.5,unknown,0.749,unknown,,,,
270677,585.6,371.1,630.3,384.4,unknown,0.744,unknown,,,,
270677,215.6,131.1,344.5,516.9,unknown,0.732,person,,,,
270677,393.8,461.6,480.9,535,unknown,0.187,unknown,,,,
270677,292.6,417.9,410.9,531,unknown,0.115,person,,,,
270677,508.6,223.5,594.5,294.6,unknown,0.108,unknown,,,,
270677,123.3,629.6,362.4,641.7,unknown,0.104,unknown,,,,
275749,157.7,122.6,458.4,328.1,unknown,0.761,person,,,,
275749,13.9,70.1,488.6,342.5,unknown,0.758,person,,,,
275749,66.3,99.3,164.5,237.9,unknown,0.754,person,,,,
275749,257.3,206.2,293.5,301.7,unknown,0.752,person,,,,
275749,268.3,187.1,317.1,265.4,unknown,0.751,person,,,,
275749,62,113.1,148.2,241.3,unknown,0.751,person,,,,
275749,308.1,151,377.9,350,unknown,0.745,person,,,,
275749,321.8,133.7,399,349.7,unknown,0.745,person,,,,
275749,265.3,195.8,319.2,336.8,unknown,0.743,person,,,,
275749,45,74.9,137.1,141,unknown,0.742,person,,,,
275749,497.9,20.7,500,93.3,unknown,0.737,unknown,,,,
275749,43.9,124.9,92.9,206.7,unknown,0.726,person,,,,
275749,315.5,127.5,400,352.5,person,0.72,person,,,,
275749,0.8,134,4,281.9,unknown,0.719,person,,,,
275749,266.6,191.2,324.1,339.5,person,0.718,person,,,,
275749,491.5,27.2,500.7,362.7,unknown,0.715,person,,,,
275749,60.4,97.9,150.7,239.7,person,0.711,person,,,,
275749,0.7,234.6,5.1,268.7,unknown,0.704,person,,,,
275749,135.7,99.1,222.7,296.8,person,0.696,person,,,,
275749,133.6,106.3,187.8,192,unknown,0.692,person,,,,
286660,8.3,207.2,262.3,492,unknown,0.785,dog,,,,
286660,28.1,245.7,333.5,477.4,unknown,0.782,sheep,,,,
286660,91.7,282.4,230.7,475.6,unknown,0.781,person,,,,
286660,340.1,452.3,379.4,501.7,unknown,0.78,person,,,,
286660,51.4,19.5,362.4,368.7,unknown,0.779,person,,,,
286660,224.8,9.3,367.1,390.2,unknown,0.777,person,,,,
286660,10.7,23.5,368.5,501.7,unknown,0.776,person,,,,
286660,14.1,80.9,380.8,496.4,unknown,0.775,person,,,,
286660,204.4,32.6,365.8,501.1,unknown,0.771,person,,,,
286660,21.5,17.7,367.1,486.5,unknown,0.769,person,,,,
286660,77.1,238.4,364.5,481.9,unknown,0.768,sheep,,,,
286660,58.4,128.3,261.1,493.8,unknown,0.764,unknown,,,,
286660,20.9,31.5,351.6,460.6,unknown,0.759,person,,,,
286660,368.1,124.5,371.3,295.9,unknown,0.758,person,,,,
286660,218.4,15.2,368.8,505.8,unknown,0.758,person,,,,
286660,367.4,253.7,371.2,475.6,unknown,0.755,person,,,,
286660,50.6,58.9,268.2,503.9,unknown,0.752,unknown,,,,
286660,62.1,8.9,370.5,481.8,unknown,0.751,person,,,,
286660,171.4,8.6,367.4,505.2,unknown,0.749,person,,,,
286660,53.2,95.3,278.8,502.9,unknown,0.742,unknown,,,,
304984,364.5,254.1,384.1,286.9,unknown,0.79,unknown,,,,
304984,317.8,1.8,383.9,85.6,unknown,0.767,unknown,,,,
304984,289.1,2.5,383.5,104.9,unknown,0.766,unknown,,,,
304984,1.4,105.7,294.6,288.4,unknown,0.761,unknown,,,,
304984,1.6,138,385.6,287.9,unknown,0.76,unknown,,,,
304984,1.2,166.1,343.6,286.4,unknown,0.754,unknown,,,,
304984,1.6,1.2,385.6,289,unknown,0.749,unknown,,,,
304984,-0.4,10.3,257.1,296.2,unknown,0.748,unknown,,,,
304984,277.1,2.3,384.6,64.2,unknown,0.747,unknown,,,,
304984,288.1,1,387.2,51.2,unknown,0.744,unknown,,,,
304984,6.3,164.6,217.9,290.5,unknown,0.742,unknown,,,,
304984,384.2,171.8,385,287.6,unknown,0.741,unknown,,,,
304984,384.7,68.1,385,133.8,unknown,0.737,unknown,,,,
304984,3,201.5,262.8,286.1,unknown,0.737,person,,,,
304984,3.2,120.6,183.6,290.6,unknown,0.736,unknown,,,,
304984,1.5,118.5,153.1,289.6,unknown,0.729,unknown,,,,
304984,-2.3,7.7,107.9,292.5,unknown,0.726,unknown,,,,
304984,309.5,1.3,385.1,51.6,unknown,0.725,unknown,,,,
304984,34.6,269.7,144.1,288.5,unknown,0.723,person,,,,
304984,381.4,16.5,385.5,280.8,unknown,0.719,unknown,,,,
327592,436.5,94.3,638.8,262.1,unknown,0.794,unknown,,,,
327592,599.9,305.5,642.2,363.2,unknown,0.791,unknown,,,,
327592,13.7,38.2,311.2,358.4,unknown,0.791,person,,,,
327592,22.1,127.3,326.5,355.2,unknown,0.789,person,,,,
327592,24.2,22.7,548.2,353,unknown,0.782,person,,,,
327592,444.3,94.8,641.7,180.5,unknown,0.778,unknown,,,,
327592,17.8,198.1,290.6,353.8,unknown,0.776,person,,,,
327592,430.6,92.6,645,353.6,unknown,0.776,unknown,,,,
327592,71.7,23.8,550.8,360.2,unknown,0.775,person,,,,
327592,423.4,84,638.1,352.1,unknown,0.774,unknown,,,,
327592,17.8,159.6,573.9,360.4,unknown,0.772,person,,,,
327592,603,229,642.2,352.2,unknown,0.768,unknown,,,,
327592,16.3,102.4,523.8,358.8,unknown,0.765,person,,,,
327592,26.3,24.3,469,333.3,unknown,0.765,person,,,,
327592,22.8,36.1,451.1,361.1,unknown,0.764,person,,,,
327592,12,24.2,559.5,358.8,unknown,0.763,person,,,,
327592,603.3,199.7,641.6,350.4,unknown,0.76,unknown,,,,
327592,84.8,221.3,520.8,350.9,unknown,0.759,person,,,,
327592,52.6,27.4,333.8,347,unknown,0.756,person,,,,
327592,-1.3,253.2,31.6,351.5,unknown,0.752,unknown,,,,
372466,607.3,327.2,640,358.6,unknown,0.792,person,,,,
372466,4,6.4,630.8,289.8,unknown,0.767,unknown,,,,
372466,12.5,51,573.5,219.9,unknown,0.765,unknown,,,,
372466,-8.1,2.3,503.4,190.3,unknown,0.763,unknown,,,,
372466,85.4,0.5,622,169.3,unknown,0.762,unknown,,,,
372466,17.6,79.5,451.2,211.5,unknown,0.761,unknown,,,,
372466,2.2,5.3,357.8,149.3,unknown,0.759,airplane,,,,
372466,258.6,77,294.7,88.3,unknown,0.759,car,,,,
372466,10.4,94.3,316.4,215.3,unknown,0.758,unknown,,,,
372466,257.5,1.5,393.6,59,unknown,0.756,person,,,,
372466,10.4,5.5,649.4,284.3,unknown,0.756,unknown,,,,
372466,120,4.9,621.9,114.7,unknown,0.752,unknown,,,,
372466,3.8,24.9,406.9,215.1,unknown,0.752,unknown,,,,
372466,410.3,2.8,486.6,75.3,unknown,0.752,person,,,,
372466,8.6,7.6,417.3,83.8,unknown,0.751,unknown,,,,
372466,383.5,-1.7,578.2,143.5,unknown,0.749,person,,,,
372466,1.2,7.2,217.2,107.4,unknown,0.748,boat,,,,
372466,352.3,20.6,390.3,62.7,unknown,0.748,person,,,,
372466,282.8,-2.1,612.7,143.6,unknown,0.746,unknown,,,,
372466,42.7,5.2,181,58.1,unknown,0.745,unknown,,,,
375430,602.7,366.1,643,425.3,unknown,0.795,unknown,,,,
375430,1.6,19.3,639.9,316,unknown,0.767,unknown,,,,
375430,0.8,412.3,56.4,427.4,unknown,0.761,unknown,,,,
375430,283.8,8.9,337.8,84.4,unknown,0.751,person,,,,
375430,113.3,53.7,280.8,226.7,unknown,0.743,person,,,,
375430,639.3,143.5,640,239.5,unknown,0.735,person,,,,
375430,129.7,47.5,278.1,218.6,unknown,0.734,person,,,,
375430,624.1,40.9,642.5,400.6,unknown,0.732,unknown,,,,
375430,0.7,182.5,33.4,257.2,unknown,0.729,unknown,,,,
375430,12.2,24.6,279.7,258.8,unknown,0.729,unknown,,,,
375430,10.2,14.2,212.1,247.9,unknown,0.728,unknown,,,,
375430,5,10.6,106.6,174.9,unknown,0.728,unknown,,,,
375430,100,1.1,136,8.3,unknown,0.723,unknown,,,,
375430,638.5,20.3,640,76.3,unknown,0.72,person,,,,
375430,97.5,28,264.9,212.7,unknown,0.719,person,,,,
375430,27.7,17.3,110.2,128.2,unknown,0.717,unknown,,,,
375430,60.1,0.5,84.3,7.3,unknown,0.714,bird,,,,
375430,0.2,14.9,46,113.3,unknown,0.713,unknown,,,,
375430,111.9,22.5,181.5,88.1,unknown,0.713,unknown,,,,
375430,0.7,151,67.3,256.5,unknown,0.705,unknown,,,,
378139,608.4,382.2,639.8,422.9,unknown,0.786,unknown,,,,
378139,177.4,233.5,505.4,274.6,unknown,0.672,boat,,,,
378139,246.5,209.9,565.8,256.3,unknown,0.671,boat,,,,
378139,580.5,206.6,594,216.7,unknown,0.667,unknown,,,,
378139,405.7,214.2,428.8,226.4,unknown,0.666,car,,,,
378139,553.6,207.2,571.4,217.9,unknown,0.664,unknown,,,,
378139,637.2,214.5,640,229.7,unknown,0.662,person,,,,
378139,133.3,221.4,492,346.6,unknown,0.66,boat,,,,
378139,0.8,223,13.5,243.7,unknown,0.655,bicycle,,,,
378139,128.8,225.8,484.1,320.4,unknown,0.651,boat,,,,
378139,553.4,207.6,570.4,218.1,unknown,0.649,unknown,,,,
378139,174.7,262.4,196.2,290.2,unknown,0.646,person,,,,
378139,390.3,235.8,473.1,249.2,unknown,0.645,car,,,,
378139,441.5,211.9,463.3,224.3,unknown,0.645,car,,,,
378139,392.6,215.8,429.6,229.2,car,0.645,car,,,,
378139,172.2,210.8,566.9,258.8,unknown,0.644,boat,,,,
378139,622.4,218.3,634.1,228.5,unknown,0.643,person,,,,
378139,516,214.5,534.5,224.7,unknown,0.638,car,,,,
378139,128.8,212.7,554.1,262.9,unknown,0.635,boat,,,,
378139,112.7,232.3,484.1,320,unknown,0.635,boat,,,,
383337,601.6,418.9,640.5,477.7,unknown,0.792,unknown,,,,
383337,169.6,80.8,648.7,387.1,unknown,0.787,person,,,,
383337,170.8,-2.7,650.6,381,unknown,0.785,person,,,,
383337,333.5,230.1,593.7,375.6,unknown,0.782,unknown,,,,
383337,342.5,110.8,636.4,367.2,unknown,0.777,person,,,,
383337,313.6,6.4,621.4,129,unknown,0.77,person,,,,
383337,169.3,83.2,592.3,380.9,unknown,0.765,person,,,,
383337,206.6,1.6,363.2,142.6,unknown,0.758,person,,,,
383337,187.2,-12.2,449.2,355.9,unknown,0.756,person,,,,
383337,268,3.3,576.5,172.2,unknown,0.754,person,,,,
383337,188.8,-4.2,393,208,unknown,0.751,person,,,,
383337,166.1,1.9,644.2,380.7,person,0.751,person,,,,
383337,7.5,2.9,636.2,386.4,unknown,0.745,person,,,,
383337,284.3,2.8,532.9,155.4,unknown,0.74,person,,,,
383337,239.9,-11.7,528.3,229.7,unknown,0.724,person,,,,
383337,232.4,-0.7,443.2,152.7,unknown,0.722,person,,,,
383337,502.4,1,605.8,27.7,unknown,0.721,person,,,,
383337,192.2,-10.7,478.2,295.3,unknown,0.719,person,,,,
383337,176.7,17.4,485.4,372.7,unknown,0.719,person,,,,
383337,150.3,2.5,387.9,148.4,unknown,0.697,person,,,,
386352,597.5,363,639.9,422.3,unknown,0.787,person,,,,
386352,83,73.3,389.4,424.7,person,0.762,person,,,,
386352,81.1,96.6,379,417.5,unknown,0.761,person,,,,
386352,104.1,84.2,387.5,421.4,unknown,0.759,person,,,,
386352,379.3,143.6,610.4,421.4,unknown,0.75,person,,,,
386352,6.9,225.2,85.7,420.9,unknown,0.749,person,,,,
386352,36.1,0.8,106.4,148.6,unknown,0.743,person,,,,
386352,94.2,222.3,371.2,423.5,unknown,0.742,person,,,,
386352,42.5,52.9,150.3,261.8,unknown,0.742,person,,,,
386352,247.7,7,392.1,233.8,unknown,0.74,person,,,,
386352,357.5,37.2,628,380.8,unknown,0.738,person,,,,
386352,497.4,78,639.8,422.5,unknown,0.736,person,,,,
386352,216.1,117.5,364.7,420.8,unknown,0.735,person,,,,
386352,263.9,4.3,355.3,44.6,unknown,0.734,person,,,,
386352,41.8,108.4,118.9,274.4,unknown,0.73,person,,,,
386352,331,70.7,542.1,409.2,unknown,0.726,person,,,,
386352,63.9,3,586.6,123.5,unknown,0.721,person,,,,
386352,359.6,91.7,434.2,156.6,unknown,0.721,person,,,,
386352,101.5,23.1,578.9,431.4,unknown,0.72,person,,,,
386352,74.6,29.6,583.6,228.9,unknown,0.717,person,,,,
404568,600.5,424.7,638.4,475,unknown,0.785,unknown,,,,
404568,231.1,192,363.8,330.5,unknown,0.772,bird,,,,
404568,130.9,170.4,373.6,330.6,unknown,0.769,bird,,,,
404568,243.7,190.3,375.7,431.5,unknown,0.769,bird,,,,
404568,17.8,92.1,624,419.4,unknown,0.767,bird,,,,
404568,101.1,168.3,409.3,440.5,unknown,0.763,bird,,,,
404568,592.4,100.8,638.2,151,unknown,0.761,person,,,,
404568,566.1,106.9,634.7,150.7,unknown,0.757,unknown,,,,
404568,611.6,98.5,638.9,148.8,unknown,0.747,person,,,,
404568,556.5,115.7,583.1,147,unknown,0.743,bird,,,,
404568,638.7,82.2,639.9,197.7,unknown,0.74,person,,,,
404568,92.5,165.6,410.9,446.3,unknown,0.739,bird,,,,
404568,637.8,236,640.1,458.4,unknown,0.732,person,,,,
404568,87.6,170.7,410.1,451.4,bird,0.714,bird,,,,
404568,278.8,170.5,355,245.4,unknown,0.707,bird,,,,
404568,280.7,167.8,381.8,245.9,unknown,0.702,bird,,,,
404568,604.2,61.3,644,519.4,unknown,0.35,person,,,,
404568,301.3,199.3,411.9,265.1,unknown,0.279,bird,,,,
404568,134.7,230.4,295.8,317.6,unknown,0.226,bird,,,,
404568,528.3,152.5,632.3,214.3,unknown,0.132,boat,,,,
414673,318.1,113.4,341.7,158.9,unknown,0.752,person,,,,
414673,290.1,109.1,305.5,140.4,unknown,0.744,person,,,,
414673,402.3,113.6,423.5,142,unknown,0.744,person,,,,
414673,43.3,90,66.2,138.5,unknown,0.743,person,,,,
414673,294.8,85.3,352.1,180,unknown,0.742,person,,,,
414673,159.4,124.8,246,254.1,unknown,0.741,person,,,,
414673,36.3,85.3,55.2,115.8,unknown,0.74,person,,,,
414673,333.3,143.8,351.1,160.8,unknown,0.736,car,,,,
414673,406.5,112.3,435.4,147.3,unknown,0.732,person,,,,
414673,252.9,108.6,274,136,unknown,0.732,person,,,,
414673,68.8,100.5,87.7,133.2,unknown,0.732,person,,,,
414673,75.8,96.6,137.5,150.5,unknown,0.727,person,,,,
414673,291.2,63.6,341.7,176.7,unknown,0.724,person,,,,
414673,339.5,157.6,383.4,175.4,unknown,0.72,unknown,,,,
414673,1.3,86.8,20.6,140.9,unknown,0.719,person,,,,
414673,43,90.1,68.7,119.1,unknown,0.716,person,,,,
414673,252.3,162.3,274,186.4,unknown,0.715,person,,,,
414673,164.5,106.8,192.5,155.6,unknown,0.714,person,,,,
414673,127.9,138.7,162.4,181,unknown,0.706,person,,,,
414673,331.1,113.1,343.1,141.9,unknown,0.705,person,,,,
445248,605,376.8,639.9,424.3,unknown,0.779,unknown,,,,
445248,393.3,76.5,479.3,170.1,unknown,0.764,elephant,,,,
445248,365.3,86.8,428.2,143.9,unknown,0.764,elephant,,,,
445248,295.1,75.4,517.9,317.9,unknown,0.761,elephant,,,,
445248,29.2,76.6,611.4,344.8,unknown,0.756,elephant,,,,
445248,61.5,194.5,318,318.8,unknown,0.756,elephant,,,,
445248,321.3,92.5,457.9,357.6,unknown,0.752,elephant,,,,
445248,73.4,78.4,261.5,281.9,unknown,0.751,elephant,,,,
445248,333.2,54.4,601.1,317,elephant,0.749,elephant,,,,
445248,330.9,157.3,517.9,338.4,unknown,0.748,elephant,,,,
445248,35.6,192.3,105.6,316.5,unknown,0.743,elephant,,,,
445248,358.7,72.3,598.5,319.4,unknown,0.743,elephant,,,,
445248,410.5,188.9,501.7,302.6,unknown,0.739,elephant,,,,
445248,41.5,140.5,409.9,338.1,unknown,0.737,elephant,,,,
445248,-1.6,135.4,34.7,237.6,unknown,0.733,elephant,,,,
445248,63.6,219.2,75.3,240.7,unknown,0.727,unknown,,,,
445248,480.1,231.8,517,297.3,unknown,0.726,elephant,,,,
445248,638.8,163.4,640.1,300.1,unknown,0.724,elephant,,,,
445248,324.9,109.2,447.5,381.1,unknown,0.723,elephant,,,,
445248,209.7,251.3,317.3,309.1,unknown,0.715,elephant,,,,
445846,606.6,376.8,641.6,424.3,unknown,0.791,unknown,,,,
445846,414.2,206.4,432.8,226.4,unknown,0.774,unknown,,,,
445846,10.2,40,633.5,386.3,unknown,0.774,person,,,,
445846,282.8,187.6,303.6,216.2,unknown,0.763,unknown,,,,
445846,598.9,118,641.2,311.1,unknown,0.761,unknown,,,,
445846,260.1,208.3,279.4,221.6,unknown,0.76,unknown,,,,
445846,61.3,164.5,88.4,208.3,unknown,0.75,unknown,,,,
445846,427.2,127.1,441.8,141.4,unknown,0.748,person,,,,
445846,305.3,182.2,312.6,210.9,unknown,0.743,unknown,,,,
445846,173.8,186.9,185.4,209.3,unknown,0.742,unknown,,,,
445846,639.1,199.1,640,402.1,unknown,0.74,person,,,,
445846,639.2,162.6,640,253.5,unknown,0.734,person,,,,
445846,596.9,124.1,629.2,256.8,unknown,0.733,unknown,,,,
445846,0.8,298,4.3,377.4,unknown,0.72,bicycle,,,,
445846,638.3,112.4,640,160.1,unknown,0.719,person,,,,
445846,394.4,227.9,406.2,246.3,unknown,0.717,cat,,,,
445846,336.2,182,361.3,206.9,unknown,0.716,unknown,,,,
445846,396.8,229,412.9,246.8,unknown,0.712,cat,,,,
445846,593.4,118.7,638.3,256.7,unknown,0.699,unknown,,,,
445846,421.8,221.3,437.4,236.3,unknown,0.698,unknown,,,,
447088,467.6,294.7,496.6,331,unknown,0.795,unknown,,,,
447088,323.8,22.2,467.8,327.7,person,0.771,person,,,,
447088,142.6,14,229.3,173.1,unknown,0.771,person,,,,
447088,344.7,26.9,436.7,211.3,unknown,0.763,person,,,,
447088,150.5,148.3,241,308.4,unknown,0.763,person,,,,
447088,170.5,23.3,428.6,317.6,unknown,0.762,person,,,,
447088,349.8,36.6,415.1,147.8,unknown,0.762,person,,,,
447088,146.5,104.9,172.1,141.7,unknown,0.76,person,,,,
447088,138.7,13.1,244.8,307.7,person,0.755,person,,,,
447088,159.5,37.9,245.1,307.7,unknown,0.753,person,,,,
447088,138.2,28.5,238.7,307.2,unknown,0.753,person,,,,
447088,10.1,7.6,492.5,326,unknown,0.752,person,,,,
447088,276.3,134.2,356.3,314.7,unknown,0.752,person,,,,
447088,327.4,153.4,464.3,330.8,unknown,0.752,person,,,,
447088,306.3,19.5,359,182.5,unknown,0.751,person,,,,
447088,316,33.4,373.4,192,unknown,0.749,person,,,,
447088,312.6,28.3,426.2,216.4,unknown,0.749,person,,,,
447088,497.2,172.6,499.8,324.5,unknown,0.748,person,,,,
447088,359.7,28.7,469.6,289.9,unknown,0.747,person,,,,
447088,277.9,106.3,395.7,315.7,unknown,0.745,person,,,,
491725,474.3,332.9,498.3,373.1,unknown,0.777,person,,,,
491725,17,152,429.3,372.1,unknown,0.728,boat,,,,
491725,337.8,169.5,379.5,192.6,unknown,0.722,boat,,,,
491725,197,156.4,281,182.2,unknown,0.715,boat,,,,
491725,238.9,164.3,263.4,182.9,unknown,0.714,boat,,,,
491725,304.1,164,478.3,186.8,unknown,0.713,boat,,,,
491725,293.7,167.6,364.5,191.9,unknown,0.712,boat,,,,
491725,215.4,166.4,295.9,194.1,unknown,0.712,boat,,,,
491725,145.5,157.2,170.6,167.1,unknown,0.71,boat,,,,
491725,1.5,283.2,148.1,372.9,unknown,0.71,boat,,,,
491725,44.2,349.9,272,374.9,unknown,0.707,unknown,,,,
491725,434,247.5,501.1,286.9,unknown,0.707,boat,,,,
491725,299.1,280.1,402.9,372.9,unknown,0.707,boat,,,,
491725,10.8,312.9,456.5,374.1,unknown,0.707,boat,,,,
491725,264.6,161,295.5,182.9,unknown,0.706,boat,,,,
491725,33.8,161.2,479.3,245.3,unknown,0.705,boat,,,,
491725,163.4,166.6,298.8,196.1,unknown,0.704,boat,,,,
491725,323.5,168.8,369.8,186.4,unknown,0.703,boat,,,,
491725,295.9,282.3,399.7,372.3,unknown,0.701,unknown,,,,
491725,273.4,159.3,293.9,170.9,unknown,0.696,boat,,,,
496722,604.2,321,639.9,358.4,unknown,0.79,unknown,,,,
496722,36,76.9,603.6,265.5,unknown,0.765,car,,,,
496722,540,75.8,547.8,89.5,unknown,0.759,person,,,,
496722,513.7,142.8,522.5,149.8,unknown,0.755,person,,,,
496722,11.2,348,50.1,360.3,unknown,0.752,unknown,,,,
496722,482.9,141.9,491.8,151.8,unknown,0.751,person,,,,
496722,512.6,140.2,520.3,148.5,unknown,0.75,person,,,,
496722,185.4,142.9,194.8,150.7,unknown,0.745,car,,,,
496722,183.1,140.6,194.1,149.9,unknown,0.745,car,,,,
496722,217.6,145.6,235.5,153.7,unknown,0.737,car,,,,
496722,222.1,142.4,239,152.7,unknown,0.734,car,,,,
496722,539.5,72.2,547.9,86.5,unknown,0.729,person,,,,
496722,169.6,145.2,190.8,150.7,unknown,0.727,car,,,,
496722,6.3,9.8,157.8,231.5,unknown,0.726,bus,,,,
496722,-2.7,0.8,85.8,10.2,unknown,0.721,unknown,,,,
496722,453.4,144.6,460.8,151.2,unknown,0.721,car,,,,
496722,639.4,143.9,640.2,167.9,unknown,0.718,person,,,,
496722,210.2,145.8,219.6,151.5,unknown,0.714,car,,,,
496722,45.6,1,170,4.2,unknown,0.709,unknown,,,,
496722,3.9,-4.2,170.7,352.7,unknown,0.703,unknown,,,,
503823,468.7,292.7,496.7,329.1,unknown,0.785,unknown,,,,
503823,168.4,117.9,275,180.6,unknown,0.756,boat,,,,
503823,347.7,130.6,371.1,151.9,unknown,0.753,boat,,,,
503823,178.3,109.9,307.2,200.1,unknown,0.752,boat,,,,
503823,19.3,131.7,489.5,249.9,unknown,0.751,boat,,,,
503823,202.8,123.1,251,150.9,unknown,0.747,boat,,,,
503823,440.7,134.2,461.7,150.2,unknown,0.745,unknown,,,,
503823,206.5,121.2,298.5,161.4,unknown,0.742,boat,,,,
503823,14.5,143,489.1,220.3,unknown,0.74,boat,,,,
503823,463.2,171.1,501.5,195.7,unknown,0.739,boat,,,,
503823,176.2,116.8,484.5,234.6,unknown,0.735,boat,,,,
503823,290.3,159.6,482.2,266.3,unknown,0.731,boat,,,,
503823,173.4,111.8,325.7,216.5,unknown,0.725,boat,,,,
503823,206.8,161,322.2,211.1,unknown,0.725,boat,,,,
503823,323,163.7,502.5,276.5,unknown,0.719,boat,,,,
503823,195.5,115.3,341.9,182.9,unknown,0.718,boat,,,,
503823,327.1,161.8,423.4,207.9,unknown,0.717,boat,,,,
503823,498.5,153.9,500.1,223.9,unknown,0.714,boat,,,,
503823,351.6,130.6,397.9,159.6,unknown,0.714,boat,,,,
503823,405.9,139.4,498.4,193.2,unknown,0.712,boat,,,,
507223,436.7,578.3,487,633.1,unknown,0.773,person,,,,
507223,9.8,423.2,138.8,629,unknown,0.764,person,,,,
507223,264.1,253.4,476.8,623.6,unknown,0.762,person,,,,
507223,115.4,77,298.8,563.5,unknown,0.762,person,,,,
507223,123.7,181.4,478.1,638.6,unknown,0.758,person,,,,
507223,110.7,85.6,306.8,629.3,person,0.758,person,,,,
507223,4.8,190.4,152.7,535.3,unknown,0.757,person,,,,
507223,98.8,234.8,469.7,634.8,unknown,0.755,person,,,,
507223,13,186.7,165.5,637.5,unknown,0.753,person,,,,
507223,111.8,80.9,299,365.3,unknown,0.751,person,,,,
507223,117.7,244.1,258.1,618.8,unknown,0.75,person,,,,
507223,150.3,118.8,319,612.7,unknown,0.748,person,,,,
507223,274,240.6,475.4,506.9,unknown,0.746,person,,,,
507223,238.9,279.8,403.4,623.5,unknown,0.74,person,,,,
507223,60.5,34.8,475.8,616.3,unknown,0.739,person,,,,
507223,195.1,26.1,471.9,555.7,unknown,0.738,person,,,,
507223,-3.6,189.9,158.2,639.2,person,0.738,person,,,,
507223,11.9,41.3,293.7,627.9,unknown,0.736,person,,,,
507223,104.8,1.5,463.4,624.4,unknown,0.736,person,,,,
507223,251.1,235.9,479.3,634.3,person,0.735,person,,,,
508312,467.6,284.1,498.1,330.4,unknown,0.789,unknown,,,,
508312,2.5,4.9,499.8,327.2,unknown,0.767,person,,,,
508312,217.7,120.5,263.8,138.7,unknown,0.75,unknown,,,,
508312,215.9,119.9,267.4,167.3,unknown,0.736,unknown,,,,
508312,499.1,72.3,500.1,290.7,unknown,0.727,unknown,,,,
508312,499.4,90.5,499.9,179.3,unknown,0.719,unknown,,,,
508312,476.7,63,492.7,184.8,unknown,0.718,person,,,,
508312,454.8,68.8,489.9,267.7,unknown,0.716,person,,,,
508312,462.8,82.2,494.8,269.8,unknown,0.712,person,,,,
508312,0.8,21.2,2.3,246.7,unknown,0.707,unknown,,,,
508312,1,117.6,1.5,271.2,unknown,0.701,unknown,,,,
508312,466.4,85.6,495.2,180.1,unknown,0.695,person,,,,
508312,448.3,65.9,490.2,268.4,unknown,0.692,person,,,,
508312,470.8,79.7,492,181.8,unknown,0.679,person,,,,
508312,472.8,84.3,492.2,178.1,unknown,0.52,unknown,,,,
508312,462.1,81.7,493.7,271.4,person,0.37,person,,,,
508312,462.1,81.7,493.7,271.4,unknown,0.297,person,,,,
508312,472.8,84.3,492.2,178.1,person,0.171,unknown,,,,
508312,275.3,141.6,361.1,186.7,unknown,0.148,unknown,,,,
508312,238.7,143.5,323.2,188.1,unknown,0.144,unknown,,,,
533206,604.3,370.5,640.4,425.3,unknown,0.793,unknown,,,,
533206,81.7,202.6,349.6,377,unknown,0.772,unknown,,,,
533206,77.4,116.5,322.3,355.2,unknown,0.77,unknown,,,,
533206,88.5,133.5,402.7,291.4,unknown,0.768,unknown,,,,
533206,2.4,2.7,639.5,414.5,unknown,0.766,unknown,,,,
533206,343.8,184.5,410.8,350.1,unknown,0.764,unknown,,,,
533206,82.7,128.3,387.7,294.5,unknown,0.763,unknown,,,,
533206,78.5,189.9,133,261.8,unknown,0.757,unknown,,,,
533206,402,5.2,537.8,98,unknown,0.753,unknown,,,,
533206,246.2,118.6,287.8,146.6,unknown,0.749,unknown,,,,
533206,330.9,190.6,396.6,230.3,unknown,0.749,unknown,,,,
533206,350.4,198.1,397.9,231.5,unknown,0.749,unknown,,,,
533206,517.9,0.8,587.9,37.5,unknown,0.747,person,,,,
533206,637.3,193.5,640.2,385.6,unknown,0.745,person,,,,
533206,563.1,-1.6,633.2,116,unknown,0.744,unknown,,,,
533206,101.1,0.7,323.6,14.8,unknown,0.743,person,,,,
533206,184.8,0.4,354,15.1,unknown,0.74,person,,,,
533206,77.5,113.4,421.1,381.7,unknown,0.737,unknown,,,,
533206,250.4,132,397.1,227.8,unknown,0.736,bird,,,,
533206,518.8,0,620.6,58.5,unknown,0.735,person,,,,
580294,600.2,389.3,640.1,440.9,unknown,0.794,person,,,,
580294,367.6,3.6,617.1,332.5,unknown,0.78,person,,,,
580294,409.2,230.8,521.8,336.1,unknown,0.772,person,,,,
580294,525.8,1.6,643.5,290.3,unknown,0.77,person,,,,
580294,356.8,211.9,405.7,237.2,unknown,0.765,unknown,,,,
580294,353.6,2.1,641.5,440.5,person,0.763,person,,,,
580294,1.7,417.7,39.7,443.8,unknown,0.76,unknown,,,,
580294,228.3,89.5,253.2,122.8,unknown,0.76,unknown,,,,
580294,361.5,0.2,636.6,437.3,unknown,0.759,person,,,,
580294,2.4,3.9,641.2,445.1,unknown,0.758,person,,,,
580294,352.2,182.6,644.3,440.2,unknown,0.756,person,,,,
580294,371.8,205.8,513.7,285.6,unknown,0.756,person,,,,
580294,400.2,213.5,517.5,285.9,unknown,0.755,person,,,,
580294,535.3,3.7,637.2,193.8,unknown,0.746,person,,,,
580294,396.9,45.3,527.3,291.1,unknown,0.745,person,,,,
580294,500.1,1.7,645.9,442,unknown,0.74,person,,,,
580294,526.9,5,641.5,443.4,unknown,0.733,person,,,,
580294,0,118.9,8.8,449.3,unknown,0.703,unknown,,,,
580294,498.9,48.1,662.2,439.9,unknown,0.694,person,,,,
580294,536.2,2.1,639.2,198.7,unknown,0.685,person,,,,
